,State,County,Area,Coordinates,Species,Year,Sex,Age,Distemper,Date Rec.,year,month,day,year_month,lat,long,knn,knn.dist,Elevation,Precipitation,Temperature,code,class,description,color,Distance_to_water,Imperviousness
1,AR,Pope,Russellville,"35.276422481365344, -93.12977304488368",Gray Fox,2019,Male,Adult,Y,11/01/2019,2019,1,11,01/01/2019,35.27642248,-93.12977304,152,92600.31937,110.06,1602.471802,16.13259888,22,developed,"Developed, Low Intensity",#D89382,3625.223622,32
2,AR,Drew,Wilmar,"33.62539535455842, -91.93040073839131",Raccoon,2019,Male,Juvenile,Y,21/11/2019,2019,11,21,01/11/2019,33.62539535,-91.93040074,37,84684.01586,51.22,1774.696899,17.74300003,22,developed,"Developed, Low Intensity",#D89382,1158.912398,37
3,AR,A-C: Pulaski,A-C: Unknown,"34.75352980386768, -92.29841638889509",Raccoon,2019,Unknown,Adult,N,27/11/2019,2019,11,27,01/11/2019,34.7535298,-92.29841639,138,36534.84182,113.46,1727.506958,16.68159866,42,forest,Evergreen Forest,#1C6330,511.9023078,0
4,AR,A-C: Ouachita,"1 mile stretch of Washington Street.  A: 33.585524, -92.837714. B: 33.583553, -92,848640. C: 33.584132, -92.855136","33.585524, -92.837714",Raccoon,2020,Female,Adult,Y,11/02/2020,2020,2,11,01/02/2020,33.585524,-92.837714,36,0,56.61,1637.141968,17.35579872,22,developed,"Developed, Low Intensity",#D89382,991.8679777,43
5,AR,A-C: Ouachita,"1 mile stretch of Washington Street.  A: 33.585524, -92.837714. B: 33.583553, -92,848640. C: 33.584132, -92.855136","33.585524, -92.837714",Raccoon,2020,Female,Adult,Y,11/02/2020,2020,2,11,01/02/2020,33.585524,-92.837714,36,0,56.61,1637.141968,17.35579872,22,developed,"Developed, Low Intensity",#D89382,991.8679777,43
6,AR,A-C: Ouachita,"1 mile stretch of Washington Street.  A: 33.585524, -92.837714. B: 33.583553, -92,848640. C: 33.584132, -92.855136","33.584132, -92.855136",Raccoon,2020,Female,Adult,Y,11/02/2020,2020,2,11,01/02/2020,33.584132,-92.855136,37,1632.302274,49,1645.00293,17.38129997,22,developed,"Developed, Low Intensity",#D89382,902.6133675,29
7,AR,"A, B: White","A, B: Ward","35.0299,-91.9505",Raccoon,2021,Female,Adult,Y,05/03/2021,2021,3,5,01/03/2021,35.0299,-91.9505,92,0,73.14,1770.411987,16.29119873,24,developed,"Developed, High Intensity",#AA0000,1651.354971,83
8,AR,"A, B: White","A, B: Ward","35.0299,-91.9505",Raccoon,2021,Female,Adult,Y,05/03/2021,2021,3,5,01/03/2021,35.0299,-91.9505,92,0,73.14,1770.411987,16.29119873,24,developed,"Developed, High Intensity",#AA0000,1651.354971,83
9,AR,Boone,"Orchard Point Road, Harrison","36.1781,-93.2093",Gray Fox,2021,Female,Juvenile,Y,30/07/2021,2021,7,30,01/07/2021,36.1781,-93.2093,73,51705.55631,630.42,1653.947998,14.26499939,21,developed,"Developed, Open Space",#DDC9C9,97.89697443,1
10,AR,Baxter,Unknown,"36.26952117088866, -92.31977049710846",Raccoon,2021,Female,Juvenile,N,30/07/2021,2021,7,30,01/07/2021,36.26952117,-92.3197705,125,80832.93524,227.27,1588.212891,14.34689999,41,forest,Deciduous Forest,#68AA63,4395.791494,0
11,AR,Baxter,Unknown,"36.3029,-92.3265",Raccoon,2021,Female,Juvenile,Y,30/07/2021,2021,7,30,01/07/2021,36.3029,-92.3265,125,80788.67492,252.28,1605.350952,14.52079964,41,forest,Deciduous Forest,#68AA63,4618.233763,0
12,AR,Lonoke,Lonoke,"34.7836,-91.9024",Raccoon,2021,Male,Adult,Y,18/11/2021,2021,11,18,01/11/2021,34.7836,-91.9024,93,27568.86259,73.7,1776.651978,16.78269958,23,developed,"Developed, Medium Intensity",#ED0000,826.025607,67
13,AR,Craighead,"Leaf Cove, Jonesboro","35.81935,-90.72544",Gray Fox,2022,Male,Adult,Y,06/01/2022,2022,1,6,01/01/2022,35.81935,-90.72544,66,139792.1222,96.96,1817.390747,15.79279995,22,developed,"Developed, Low Intensity",#D89382,1443.183153,32
14,AR,Sharp,Unknown,"36.12728396560858, -91.49845152020762",Raccoon,2022,Female,Juvenile,N,20/09/2022,2022,9,20,01/09/2022,36.12728397,-91.49845152,142,77451.60409,129.61,1628.744995,15.10879993,41,forest,Deciduous Forest,#68AA63,10936.75091,0
15,AR,Pulaski,"Butterfly Place, Little Rock","34.662471784654784, -92.43657958846919",Raccoon,2022,Male,Juvenile,N,28/09/2022,2022,9,28,01/09/2022,34.66247178,-92.43657959,138,50976.12539,95.39,1874.834961,16.66919899,22,developed,"Developed, Low Intensity",#D89382,514.8735137,23
16,AR,Pulaski,"Butterfly Place, Little Rock","34.66250708323671, -92.43661177527166",Raccoon,2022,Male,Juvenile,Y,28/09/2022,2022,9,28,01/09/2022,34.66250708,-92.43661178,138,50977.90792,95.3,1874.834961,16.66919899,22,developed,"Developed, Low Intensity",#D89382,518.2341289,23
17,AR,Pulaski,"34.69739, -92.37053","34.69739, -92.37053",Raccoon,2022,NA,NA,N,25/10/2022,2022,10,25,01/10/2022,34.69739,-92.37053,138,44116.34499,96.19,1786.927979,16.60589981,21,developed,"Developed, Open Space",#DDC9C9,73.31625838,1
18,FL,Lee,"Eagle Road, Cape Coral","26.71720813329791, -81.96944864682511",Raccoon,2019,Female,Juvenile,N,13/06/2019,2019,6,13,01/06/2019,26.71720813,-81.96944865,6,485475.0242,4.76,1467.79895,24.63909912,22,developed,"Developed, Low Intensity",#D89382,233.4648612,32
19,FL,Lee,"Eagle Road, Cape Coral","26.71720813329791, -81.96944864682511",Raccoon,2019,Female,Juvenile,N,13/06/2019,2019,6,13,01/06/2019,26.71720813,-81.96944865,6,485475.0242,4.76,1467.79895,24.63909912,22,developed,"Developed, Low Intensity",#D89382,233.4648612,32
20,FL,Lee,"Eagle Road, Cape Coral","26.71720813329791, -81.96944864682511",Raccoon,2019,Female,Juvenile,N,13/06/2019,2019,6,13,01/06/2019,26.71720813,-81.96944865,6,485475.0242,4.76,1467.79895,24.63909912,22,developed,"Developed, Low Intensity",#D89382,233.4648612,32
21,FL,Marion,Ocala,"29.184357659193946, -82.1449673200658",Raccoon,2019,Male,Adult,N,23/12/2019,2019,12,23,01/12/2019,29.18435766,-82.14496732,144,248395.8375,18.8,1465.233887,22.43019867,21,developed,"Developed, Open Space",#DDC9C9,4562.362,11
22,FL,Bay,"30.170494, -85.669391; Florida Avenue, Panama City","30.170494, -85.669391",Raccoon,2020,Male,Juvenile,Y,24/09/2020,2020,9,24,01/09/2020,30.170494,-85.669391,154,8692.133885,10.15,1555.048828,21.6868,22,developed,"Developed, Low Intensity",#D89382,696.2938245,46
23,FL,Miami-Dade,"SW 93rd Street, Miami","25.68273402299821, -80.3651408237787",Red Fox,2022,Female,Adult,N,27/07/2022,2022,7,27,01/07/2022,25.68273402,-80.36514082,6,599685.513,1.93,1760.31897,25.58259964,23,developed,"Developed, Medium Intensity",#ED0000,147.7832169,62
24,FL,Miami-Dade,"SW 93rd Street, Miami","25.682083290487764, -80.37866031964319",Red Fox,2022,Female,Adult,Y,27/07/2022,2022,7,27,01/07/2022,25.68208329,-80.37866032,6,599576.2492,2.93,1760.31897,25.58259964,21,developed,"Developed, Open Space",#DDC9C9,365.8683064,14
25,FL,Bay,"Naval support academy, panama city beach","30.1795775753277, -85.75882715089205",Raccoon,2022,Female,Adult,Y,23/01/2022,2022,1,23,01/01/2022,30.17957758,-85.75882715,57,8692.133885,3.61,1557.444946,21.67619896,42,forest,Evergreen Forest,#1C6330,505.6509839,0
26,GA,Madison,David Holmes Cl. Road,"33.57750791609037, -83.4809570381003",Raccoon,2019,Male,Adult,Y,16/01/2019,2019,1,16,01/01/2019,33.57750792,-83.48095704,149,39556.68261,213.63,1181.393921,17.82349968,21,developed,"Developed, Open Space",#DDC9C9,264.1090352,11
27,GA,Fulton,"20th Street NW, Atlanta","33.794157180585565, -84.39604158478991",Gray Fox,2019,Female,Juvenile,N,20/02/2019,2019,2,20,01/02/2019,33.79415718,-84.39604158,136,66716.16013,267.5,1255.654907,17.80469894,24,developed,"Developed, High Intensity",#AA0000,524.7611589,80
28,GA,Fulton,"20th Street NW, Atlanta","33.794157180585565, -84.39604158478991",Gray Fox,2019,Female,Adult,N,20/02/2019,2019,2,20,01/02/2019,33.79415718,-84.39604158,136,66716.16013,267.5,1255.654907,17.80469894,24,developed,"Developed, High Intensity",#AA0000,524.7611589,80
29,GA,Glynn,Jekyll Island,"31.07186102142682, -81.41377925383203",Raccoon,2019,Female,Juvenile,N,22/02/2019,2019,2,22,01/02/2019,31.07186102,-81.41377925,144,243606.9106,2.98,1191.593994,21.4333992,21,developed,"Developed, Open Space",#DDC9C9,102.3470937,3
30,GA,Glynn,Jekyll Island,"31.07186102142682, -81.41377925383203",Raccoon,2019,Male,Adult,Y,22/02/2019,2019,2,22,01/02/2019,31.07186102,-81.41377925,144,243606.9106,2.98,1191.593994,21.4333992,21,developed,"Developed, Open Space",#DDC9C9,102.3470937,3
31,GA,Fulton,"Stokes Avenue, SW Atlanta","33.74092435895608, -84.44109385354423",Raccoon,2019,Male,Adult,Y,15/04/2019,2019,4,15,01/04/2019,33.74092436,-84.44109385,136,72840.89697,305.85,1253.427856,17.80589867,22,developed,"Developed, Low Intensity",#D89382,1877.884231,36
32,GA,Gwinnett,"Wood Springs Court, Lilburn","33.8733818590561, -84.05915788478858",Red Fox,2019,Female,Adult,N,15/07/2019,2019,7,15,01/07/2019,33.87338186,-84.05915788,15,38589.38403,277.17,1268.792847,17.46500015,23,developed,"Developed, Medium Intensity",#ED0000,397.9085894,54
33,GA,Habersham,Tommy Irvin Road,"34.58878420514032, -83.4314213226333",Raccoon,2019,Female,Juvenile,Y,20/12/2019,2019,12,20,01/12/2019,34.58878421,-83.43142132,39,49108.76101,449.81,1570.748901,16.24720001,81,planted,Pasture/Hay,#DBD83D,214.1794527,0
34,GA,Fulton,"Burdette Road, College Park","33.595443298970174, -84.47766867606944",Gray Fox,2020,Male,Adult,N,09/01/2020,2020,1,9,01/01/2020,33.5954433,-84.47766868,136,83568.28302,288.26,1261.569946,18.21819878,22,developed,"Developed, Low Intensity",#D89382,686.2713694,28
35,GA,Hall,Unknown,"34.307242830124046, -83.83701296530162",Gray Fox,2020,Male,Adult,Y,17/02/2020,2020,2,17,01/02/2020,34.30724283,-83.83701297,136,36512.90905,362.97,1331.401001,16.76199913,43,forest,Mixed Forest,#B5C98E,836.8002431,0
36,GA,Dougherty,Unknown,"31.5187476650689, -84.28561517294895",Red Fox,2020,Male,Adult,N,21/02/2020,2020,2,21,01/02/2020,31.51874767,-84.28561517,57,201970.9609,54.69,1412.391846,20.38990021,90,wetlands,Woody Wetlands,#BAD8EA,1137.901237,0
37,GA,Clarke,Deer Pens at Whitehall,"33.88469519086368, -83.3575294931958",Raccoon,2020,Female,Subadult,N,10/08/2020,2020,8,10,01/08/2020,33.88469519,-83.35752949,136,35257.8444,193.75,1249.644897,17.66250038,71,herbaceous,Grassland/Herbaceous,#E2E2C1,275.5601858,0
38,GA,Clarke,East side Athens,"33.926024471409555, -83.32766960252007",Gray Fox,2020,Female,Adult,N,01/11/2020,2020,11,1,01/11/2020,33.92602447,-83.3276696,136,36791.48288,214.91,1262.998901,17.78849983,22,developed,"Developed, Low Intensity",#D89382,47.72748008,39
39,GA,Glynn,Jekyll Island,"31.07186102142682, -81.41377925383203",Raccoon,2020,Male,Adult,N,02/12/2020,2020,12,2,01/12/2020,31.07186102,-81.41377925,144,243606.9106,2.98,1191.593994,21.4333992,21,developed,"Developed, Open Space",#DDC9C9,102.3470937,3
40,GA,Glynn,Jekyll Island,"31.07186102142682, -81.41377925383203",Raccoon,2020,Female,Adult,N,02/12/2020,2020,12,2,01/12/2020,31.07186102,-81.41377925,144,243606.9106,2.98,1191.593994,21.4333992,21,developed,"Developed, Open Space",#DDC9C9,102.3470937,3
41,GA,A-F: Lamar,A-F: Fredonia Church Road at Gordon Road,"33.042423982843935, -84.11203766150862",Raccoon,2021,Male,Adult,N,04/03/2021,2021,3,4,01/03/2021,33.04242398,-84.11203766,4,84438.10784,227.57,1132.063965,18.28499985,21,developed,"Developed, Open Space",#DDC9C9,845.3934328,4
42,GA,A-F: Lamar,A-F: Fredonia Church Road at Gordon Road,"33.042423982843935, -84.11203766150862",Raccoon,2021,Female,Adult,N,04/03/2021,2021,3,4,01/03/2021,33.04242398,-84.11203766,4,84438.10784,227.57,1132.063965,18.28499985,21,developed,"Developed, Open Space",#DDC9C9,845.3934328,4
43,GA,A-F: Lamar,A-F: Fredonia Church Road at Gordon Road,"33.042423982843935, -84.11203766150862",Raccoon,2021,Male,Adult,N,04/03/2021,2021,3,4,01/03/2021,33.04242398,-84.11203766,4,84438.10784,227.57,1132.063965,18.28499985,21,developed,"Developed, Open Space",#DDC9C9,845.3934328,4
44,GA,A-F: Lamar,A-F: Fredonia Church Road at Gordon Road,"33.042423982843935, -84.11203766150862",Gray Fox,2021,Male,Adult,N,04/03/2021,2021,3,4,01/03/2021,33.04242398,-84.11203766,4,84438.10784,227.57,1132.063965,18.28499985,21,developed,"Developed, Open Space",#DDC9C9,845.3934328,4
45,GA,Floyd,"Catrell Road, Rome","34.17476293010789, -85.29665271064327",Raccoon,2021,Unknown,Unknown,Y,25/05/2021,2021,5,25,01/05/2021,34.17476293,-85.29665271,15,91819.60272,188.46,1400.486816,17.29419899,21,developed,"Developed, Open Space",#DDC9C9,3517.012022,3
46,GA,Barrow,Winder,"33.9909,-83.7196",Raccoon,2021,Male,Adult,Y,25/10/2021,2021,10,25,01/10/2021,33.9909,-83.7196,149,31973.33328,295.29,1238.988892,17.69529915,24,developed,"Developed, High Intensity",#AA0000,700.1736236,100
47,GA,Madison,"Rogers Mill Road, Danielsville","34.13867077944428, -83.27421167257285",Raccoon,2021,Male,Adult,N,18/11/2021,2021,11,18,01/11/2021,34.13867078,-83.27421167,136,44585.23629,235.05,1406.230835,17.05979919,21,developed,"Developed, Open Space",#DDC9C9,288.3708939,4
48,GA,Thomas,Unknown,"30.8415,-83.9349",Gray Fox,2022,Female,Adult,Y,03/02/2022,2022,2,3,01/02/2022,30.8415,-83.9349,57,184580.3049,79.5,1256.955933,20.33889961,43,forest,Mixed Forest,#B5C98E,252.0391618,0
49,GA,Dougherty,Unknown,"31.5187476650689, -84.28561517294895",Gray Fox,2022,Male,Adult,N,03/02/2022,2022,2,3,01/02/2022,31.51874767,-84.28561517,57,201970.9609,54.69,1412.391846,20.38990021,90,wetlands,Woody Wetlands,#BAD8EA,1137.901237,0
50,GA,Clarke,Moose Club Road,"33.92264606798238, -83.38186370012895",Raccoon,2022,Female,Adult,Y,20/05/2022,2022,5,20,01/05/2022,33.92264607,-83.3818637,136,31973.33328,199.69,1250.147949,17.66650009,21,developed,"Developed, Open Space",#DDC9C9,85.49031429,6
51,GA,Glynn,Clam Creek Horse Stall,"31.107334530276518, -81.40691723937411",Raccoon,2022,Male,Adult,N,24/06/2022,2022,6,24,01/06/2022,31.10733453,-81.40691724,144,244759.686,1.21,1166.947998,21.45959854,95,wetlands,Emergent Herbaceous Wetlands,#70A3BA,249.1526347,0
52,GA,Glynn,Old Plantation Road,"31.06762939185046, -81.42399673138496",Raccoon,2022,Male,Adult,N,24/06/2022,2022,6,24,01/06/2022,31.06762939,-81.42399673,144,242577.9877,2.71,1191.593994,21.4333992,21,developed,"Developed, Open Space",#DDC9C9,305.7356916,6
53,GA,Glynn,Jekyll Island,"31.07186102142682, -81.41377925383203",Raccoon,2022,Male,Adult,N,24/06/2022,2022,6,24,01/06/2022,31.07186102,-81.41377925,144,243606.9106,2.98,1191.593994,21.4333992,21,developed,"Developed, Open Space",#DDC9C9,102.3470937,3
54,GA,Glynn,Jekyll Island,"31.07186102142682, -81.41377925383203",Raccoon,2022,Female,Adult,N,24/06/2022,2022,6,24,01/06/2022,31.07186102,-81.41377925,144,243606.9106,2.98,1191.593994,21.4333992,21,developed,"Developed, Open Space",#DDC9C9,102.3470937,3
55,GA,Glynn,Jekyll Island,"31.07186102142682, -81.41377925383203",Raccoon,2022,Female,Juvenile,N,24/06/2022,2022,6,24,01/06/2022,31.07186102,-81.41377925,144,243606.9106,2.98,1191.593994,21.4333992,21,developed,"Developed, Open Space",#DDC9C9,102.3470937,3
56,GA,Glynn,Jekyll Island,"31.07186102142682, -81.41377925383203",Raccoon,2022,Female,Adult,N,24/06/2022,2022,6,24,01/06/2022,31.07186102,-81.41377925,144,243606.9106,2.98,1191.593994,21.4333992,21,developed,"Developed, Open Space",#DDC9C9,102.3470937,3
57,GA,Glynn,Jekyll Island,"31.07186102142682, -81.41377925383203",Raccoon,2022,Female,Adult,N,24/06/2022,2022,6,24,01/06/2022,31.07186102,-81.41377925,144,243606.9106,2.98,1191.593994,21.4333992,21,developed,"Developed, Open Space",#DDC9C9,102.3470937,3
58,GA,Glynn,Jekyll Island Tennis Courts,"31.069045814868304, -81.41986367318721",Raccoon,2022,Female,Adult,N,24/06/2022,2022,6,24,01/06/2022,31.06904581,-81.41986367,144,242990.2575,2.56,1191.593994,21.4333992,22,developed,"Developed, Low Intensity",#D89382,223.8469397,29
59,GA,Glynn,"Jekyll Island, 27 St. Andrews Road","31.016785749283127, -81.43107455969395",Raccoon,2022,Male,Adult,N,24/06/2022,2022,6,24,01/06/2022,31.01678575,-81.43107456,144,241301.3346,2.27,1136.343994,21.23410034,22,developed,"Developed, Low Intensity",#D89382,211.1078669,32
60,GA,Glynn,"Jekyll Island, Marriott Hotel","31.046972562053288, -81.41186185848059",Raccoon,2022,Male,Adult,N,24/06/2022,2022,6,24,01/06/2022,31.04697256,-81.41186186,144,243475.5924,3.73,1148.250854,21.3409996,23,developed,"Developed, Medium Intensity",#ED0000,246.322614,67
61,GA,Fulton,Windsor Lake Drive,"33.88403431273412, -84.34777850567426",Red Fox,2022,Male,Adult,N,31/08/2022,2022,8,31,01/08/2022,33.88403431,-84.34777851,136,59536.481,287.56,1302.844849,17.5359993,23,developed,"Developed, Medium Intensity",#ED0000,170.1918823,62
62,GA,Fannin,High Cashes Valley Dr,"34.881936792439284, -84.41708541545353",Gray Fox,2021,NA,NA,Y,16/03/2021,2021,3,16,01/03/2021,34.88193679,-84.41708542,39,82265.66545,653.34,1987.362915,14.92509937,41,forest,Deciduous Forest,#68AA63,1677.550861,0
63,KS,Coffey,"Old Hwy 50, Lebo; 38.404259, -95.739935","38.404259, -95.739935",Striped Skunk,2019,Unknown,Unknown,N,12/03/2019,2019,3,12,01/03/2019,38.404259,-95.739935,118,38069.06862,361.12,1503.073853,12.43620014,41,forest,Deciduous Forest,#68AA63,232.0845344,0
64,KS,Finney,"37.963839, -100.879905","37.963839, -100.879905",Striped Skunk,2019,Male,Adult,N,23/04/2019,2019,4,23,01/04/2019,37.963839,-100.879905,41,17365.32771,865.56,428.7738953,11.64470005,23,developed,"Developed, Medium Intensity",#ED0000,912.2644897,55
65,KS,Thomas,"39.156196, -101.261786","39.156196, -101.261786",Striped Skunk,2019,Male,Adult,N,31/07/2019,2019,7,31,01/07/2019,39.156196,-101.261786,122,136600.3585,1013.8,653.2639771,10.18519974,21,developed,"Developed, Open Space",#DDC9C9,9299.36435,10
66,KS,Marshall,"North Nebraska Street, Waterville","39.69361464816874, -96.7493519883743",Raccoon,2019,Male,Adult,Y,31/07/2019,2019,7,31,01/07/2019,39.69361465,-96.74935199,91,20774.17275,359.06,1152.333008,10.96729946,23,developed,"Developed, Medium Intensity",#ED0000,852.2252732,64
67,KS,Osage,Osage City Football Field,"38.62855653865315, -95.8380556833221",Striped Skunk,2019,Male,Juvenile,N,01/08/2019,2019,8,1,01/08/2019,38.62855654,-95.83805568,134,38279.41798,325.99,1469.94397,12.33920002,24,developed,"Developed, High Intensity",#AA0000,1122.540216,86
68,KS,Sherman,"Colorado, Goodland","39.346004114749526, -101.72322407304",Striped Skunk,2019,Female,Subadult,N,06/08/2019,2019,8,6,01/08/2019,39.34600411,-101.7232241,98,152050.7155,1125.16,601.5488892,10.11829948,22,developed,"Developed, Low Intensity",#D89382,3911.993556,46
69,KS,Miami,"Mission Velvue Road, Louisburg","38.56917368240982, -94.6394137614085",Raccoon,2019,Female,Juvenile,Y,02/10/2019,2019,10,2,01/10/2019,38.56917368,-94.63941376,145,111387.437,333.17,1592.824829,12.26109982,22,developed,"Developed, Low Intensity",#D89382,130.8088601,28
70,KS,Finney,"37.969700, -100.859192; Garden City","37.969700, -100.859192",Red Fox,2019,Female,Subadult,N,21/11/2019,2019,11,21,01/11/2019,37.9697,-100.859192,78,5946990.979,NA,NA,NA,NA,NA,NA,NA,7281626.386,NA
71,KS,Thomas,Colby,"39.390068168519, -101.05018127388983",Raccoon,2020,Female,Adult,Y,16/01/2020,2020,1,16,01/01/2020,39.39006817,-101.0501813,122,158283.3777,959.62,679.8309937,10.09259987,22,developed,"Developed, Low Intensity",#D89382,5261.281433,28
72,KS,Finney,"37.975777, -100.683182","37.975777, -100.683182",Striped Skunk,2020,Female,Adult,Y,03/03/2020,2020,3,3,01/03/2020,37.975777,-100.683182,122,12294.23922,876.87,434.3459778,11.60919952,82,planted,Cultivated Crops,#AA7028,4159.580975,0
73,KS,"A, B: Smith","A, B: 10091 Road, Gaylord","39.64559301412951, -98.84661525090786",Striped Skunk,2020,Male,Adult,Y,20/03/2020,2020,3,20,01/03/2020,39.64559301,-98.84661525,46,0,485.81,785.2519531,10.94639969,22,developed,"Developed, Low Intensity",#D89382,4302.707091,44
74,KS,"A, B: Smith","A, B: 10091 Road, Gaylord","39.64559301412951, -98.84661525090786",Striped Skunk,2020,Female,Adult,Y,20/03/2020,2020,3,20,01/03/2020,39.64559301,-98.84661525,46,0,485.81,785.2519531,10.94639969,22,developed,"Developed, Low Intensity",#D89382,4302.707091,44
75,KS,Lyon,"38.309454, -95.956235","38.309454, -95.956235",Raccoon,2020,Female,Adult,N,13/05/2020,2020,5,13,01/05/2020,38.309454,-95.956235,113,22843.55913,329.23,1401.919922,12.53240013,23,developed,"Developed, Medium Intensity",#ED0000,656.0353308,73
76,KS,Marshall,"39.684172, -96.659758","39.684172, -96.659758",Raccoon,2020,Female,Adult,N,02/06/2020,2020,6,2,01/06/2020,39.684172,-96.659758,91,18225.41816,349.38,1160.487915,10.94339943,22,developed,"Developed, Low Intensity",#D89382,706.6704869,41
77,KS,Thomas,Colby,"39.390068168519, -101.05018127388983",Red Fox,2020,Male,Adult,N,23/06/2020,2020,6,23,01/06/2020,39.39006817,-101.0501813,122,158283.3777,959.62,679.8309937,10.09259987,22,developed,"Developed, Low Intensity",#D89382,5261.281433,28
78,KS,Lyon,"38.416626, -96.285609","38.416626, -96.285609",Raccoon,2020,Female,Juvenile,N,21/10/2020,2020,10,21,01/10/2020,38.416626,-96.285609,134,8694.478302,354.41,1258.672974,12.3416996,23,developed,"Developed, Medium Intensity",#ED0000,228.4590927,55
79,KS,Atchison,"45.258888, -111.145678","39.56020169782715, -95.12336430136686",Raccoon,2020,Female,Adult,N,18/11/2020,2020,11,18,01/11/2020,39.5602017,-95.1233643,34,1056100.022,2551.52,1229.68689,0.385299981,NA,NA,NA,NA,948025.8663,NA
80,KS,Marshall,"39.84226, -96.60237","39.84226, -96.60237",Raccoon,2021,Male,Adult,Y,04/03/2021,2021,3,4,01/03/2021,39.84226,-96.60237,18,20774.17275,385.25,1111.162964,10.7276001,22,developed,"Developed, Low Intensity",#D89382,703.0700619,44
81,KS,Hamilton,"37.975663, -101.799484","37.975663, -101.799484",Striped Skunk,2021,Male,Adult,Y,25/03/2021,2021,3,25,01/03/2021,37.975663,-101.799484,122,85957.1056,990.31,452.2359009,11.29409981,82,planted,Cultivated Crops,#AA7028,6000.060715,0
82,KS,Woodson,~1 mile east of Buffalo,"37.710094889705275, -95.67472225113939",Raccoon,2021,Male,Adult,Y,07/04/2021,2021,4,7,01/04/2021,37.71009489,-95.67472225,118,86989.11596,288.14,1446.648926,13.23929977,81,planted,Pasture/Hay,#DBD83D,250.6070121,0
83,KS,Lyon,Emporia,"38.40676155739874, -96.18665849076747",Raccoon,2021,Male,Adult,Y,10/05/2021,2021,5,10,01/05/2021,38.40676156,-96.18665849,134,1411.648936,351.9,1366.740845,12.39859962,22,developed,"Developed, Low Intensity",#D89382,1112.700662,48
84,KS,Lyon,"38.62581, -95.97230","38.62581, -95.97230",Striped Skunk,2021,Female,Adult,Y,11/05/2021,2021,5,11,01/05/2021,38.62581,-95.9723,134,29572.1183,358.55,1310.329834,12.23789978,82,planted,Cultivated Crops,#AA7028,164.9998321,0
85,KS,Finney,"37.836714, -100.889732","37.836714, -100.889732",Striped Skunk,2021,Male,Adult,N,20/05/2021,2021,5,20,01/05/2021,37.836714,-100.889732,41,23837.0119,884.9,434.2999878,11.76609993,22,developed,"Developed, Low Intensity",#D89382,8366.537525,43
86,KS,Lyon,"S. Exchange, Emporia","38.38860,-96.17467",Raccoon,2021,Male,Juvenile,Y,23/06/2021,2021,6,23,01/06/2021,38.3886,-96.17467,113,2267.652052,341.37,1319.873901,12.47669983,21,developed,"Developed, Open Space",#DDC9C9,673.0834314,17
87,KS,Lyon,"Emporia County Club, 1801 Rural","38.42166770761248, -96.18773899720128",Red Fox,2021,Male,Juvenile,N,02/07/2021,2021,7,2,01/07/2021,38.42166771,-96.187739,113,1654.990281,345.93,1332.151855,12.29139996,21,developed,"Developed, Open Space",#DDC9C9,96.15120315,4
88,KS,Finney,"37.97356, -100.82284","37.97356, -100.82284",Striped Skunk,2021,Female,Adult,Y,21/07/2021,2021,7,21,01/07/2021,37.97356,-100.82284,41,12294.23922,859.4,426.5529785,11.75179958,22,developed,"Developed, Low Intensity",#D89382,2619.852777,45
89,KS,Lyon,Sunset Lake Drive,"38.42619,-96.21083",Raccoon,2021,Female,Adult,Y,17/08/2021,2021,8,17,01/08/2021,38.42619,-96.21083,134,2271.741942,350.94,1332.151855,12.29139996,22,developed,"Developed, Low Intensity",#D89382,28.60458714,46
90,KS,Lyon,"38.419490, -96.186254","38.419490, -96.186254",Raccoon,2021,Female,Adult,Y,20/10/2021,2021,10,20,01/10/2021,38.41949,-96.186254,113,1411.648936,352.96,1366.740845,12.39859962,23,developed,"Developed, Medium Intensity",#ED0000,349.1234764,51
91,KS,Ottawa,"North 190th Road, Minneapolis","39.1110,-97.5759",Raccoon,2021,Female,Adult,Y,24/11/2021,2021,11,24,01/11/2021,39.111,-97.5759,18,96276.1457,409.4,1034.588989,12.07019997,22,developed,"Developed, Low Intensity",#D89382,326.3790953,37
92,KS,Atchison,Nortonville,"39.416721132878436, -95.33187063191822",Raccoon,2022,Female,Adult,Y,04/02/2022,2022,2,4,01/02/2022,39.41672113,-95.33187063,114,103938.9667,349.45,1569.754883,11.67219925,23,developed,"Developed, Medium Intensity",#ED0000,534.3027211,53
93,KS,Jefferson,"Buck Creek Road, Perry","39.13169832414031, -95.29251401142588",Red Fox,2022,Female,NA,N,06/10/2022,2022,10,6,01/10/2022,39.13169832,-95.29251401,114,81563.76031,284.9,1412.172852,11.85839939,82,planted,Cultivated Crops,#AA7028,808.1564977,0
94,KY,Franklin,"Esperanza Drive, Frankfort","38.1826607464685, -84.8236626767573",Raccoon,2019,Male,Adult,Y,06/09/2019,2019,9,6,01/09/2019,38.18266075,-84.82366268,30,4190.672627,248.2,1613.30896,13.42999935,22,developed,"Developed, Low Intensity",#D89382,282.3407267,45
95,KY,Calloway,Calloway,"36.640875953533104, -88.3452002093544",Red Fox,2019,Male,Adult,N,22/11/2019,2019,11,22,01/11/2019,36.64087595,-88.34520021,146,143643.6892,170.69,1599.768799,14.90499973,82,planted,Cultivated Crops,#AA7028,588.0945252,0
96,KY,A-C: Franklin,"A, B: Frankfort.  C: Salato Wildlife Center","38.1944,-84.8694",Raccoon,2019,Male,Unknown,Y,24/12/2019,2019,12,24,01/12/2019,38.1944,-84.8694,31,0,155.32,1680.416992,13.47909927,21,developed,"Developed, Open Space",#DDC9C9,39.78909009,3
97,KY,A-C: Franklin,"A, B: Frankfort.  C: Salato Wildlife Center","38.1944,-84.8694",Raccoon,2019,Female,Unknown,Y,24/12/2019,2019,12,24,01/12/2019,38.1944,-84.8694,31,0,155.32,1680.416992,13.47909927,21,developed,"Developed, Open Space",#DDC9C9,39.78909009,3
98,KY,A-C: Franklin,"A, B: Frankfort.  C: Salato Wildlife Center","38.17709,-84.92328",Raccoon,2019,Female,Unknown,Y,24/12/2019,2019,12,24,01/12/2019,38.17709,-84.92328,30,5110.234846,249.2,1594.826904,13.76139927,81,planted,Pasture/Hay,#DBD83D,136.3557593,0
99,KY,A: Shelby. B: Jefferson,"A, B: Unknown","38.20380304585649, -85.22504484579514",Raccoon,2020,Female,Unknown,Y,12/03/2020,2020,3,12,01/03/2020,38.20380305,-85.22504485,32,26511.37554,223.22,1606.897949,13.39209938,81,planted,Pasture/Hay,#DBD83D,507.7816074,0
100,KY,A: Shelby. B: Jefferson,"A, B: Unknown","38.218398219499456, -85.6946304147566",Raccoon,2020,Female,Unknown,Y,12/03/2020,2020,3,12,01/03/2020,38.21839822,-85.69463041,43,41059.63119,154.84,1597.563843,14.90649986,21,developed,"Developed, Open Space",#DDC9C9,741.0177743,18
101,KY,Letcher,"Eolia; 37*2’13”, -82*48’2”","37.05357964912565, -82.79186386036102",Raccoon,2020,Male,Juvenile,Y,26/08/2020,2020,8,26,01/08/2020,37.05357965,-82.79186386,102,17821.47977,516.31,1478.663818,13.00939941,23,developed,"Developed, Medium Intensity",#ED0000,1231.640125,62
102,KY,"A, B: Lincoln.","A, B: KY Hwy 518, Hustonville","37.47205544098797, -84.82193039047972",Raccoon,2020,Female,Adult,Y,09/09/2020,2020,9,9,01/09/2020,37.47205544,-84.82193039,55,0,292.92,1663.272827,13.75079918,22,developed,"Developed, Low Intensity",#D89382,380.3542738,49
103,KY,"A, B: Lincoln.","A, B: KY Hwy 518, Hustonville","37.47205544098797, -84.82193039047972",Raccoon,2020,Female,Subadult,Y,09/09/2020,2020,9,9,01/09/2020,37.47205544,-84.82193039,55,0,292.92,1663.272827,13.75079918,22,developed,"Developed, Low Intensity",#D89382,380.3542738,49
104,KY,Scott,"Ironworks Road, Georgetown","38.1778,-84.6196",Raccoon,2020,Female,Adult,Y,30/10/2020,2020,10,30,01/10/2020,38.1778,-84.6196,20,17839.96893,274.99,1561.501831,13.40859985,81,planted,Pasture/Hay,#DBD83D,189.1413677,0
105,KY,Bath,"Coyle Street, Owingsville 40360","38.14321,-83.76640",Raccoon,2021,Female,Adult,Y,01/04/2021,2021,4,1,01/04/2021,38.14321,-83.7664,68,74633.75743,303.08,1539.61792,13.2191,22,developed,"Developed, Low Intensity",#D89382,520.3751577,48
106,KY,Letcher,Unknown,"37.1433,-82.9602",Raccoon,2021,Female,Adult,Y,01/04/2021,2021,4,1,01/04/2021,37.1433,-82.9602,53,17821.47977,314.06,1339.112915,13.61559963,81,planted,Pasture/Hay,#DBD83D,345.2154276,0
107,KY,Laurel,London,"37.11901474089947, -84.07832932262562",Raccoon,2021,Male,Juvenile,N,09/06/2021,2021,6,9,01/06/2021,37.11901474,-84.07832932,54,76149.60839,362.1,1709.781982,14.35929966,41,forest,Deciduous Forest,#68AA63,645.8630552,0
108,KY,Grant,"Crittenden; 38.775968, -84.608318","38.775968, -84.608318",Raccoon,2021,Female,Adult,Y,01/07/2021,2021,7,1,01/07/2021,38.775968,-84.608318,68,66589.76433,273.93,1464.838989,12.92809963,23,developed,"Developed, Medium Intensity",#ED0000,128.1311483,55
109,KY,Franklin,"1 Sportsman's Lane, Frankfort","38.1775572788262, -84.9233170297758",Raccoon,2021,Male,Juvenile,N,01/07/2021,2021,7,1,01/07/2021,38.17755728,-84.92331703,30,5093.279926,250.82,1594.826904,13.76139927,23,developed,"Developed, Medium Intensity",#ED0000,185.9586495,55
110,KY,Laurel,London,"37.1282,-84.0834",Raccoon,2021,Female,Juvenile,Y,16/09/2021,2021,9,16,01/09/2021,37.1282,-84.0834,54,75250.67888,379.17,1709.781982,14.35929966,24,developed,"Developed, High Intensity",#AA0000,653.1663233,86
111,KY,McLean,"37.603405, -87.277596","37.603405, -87.277596",Raccoon,2022,Female,Juvenile,Y,16/02/2022,2022,2,16,01/02/2022,37.603405,-87.277596,146,0,122.88,1430.383911,13.89149952,81,planted,Pasture/Hay,#DBD83D,220.0903052,0
112,KY,Allen,"Halfway Halifax Road, Scottsville","36.81108791839643, -86.27157004711435",Striped Skunk,2022,Male,Juvenile,N,27/07/2022,2022,7,27,01/07/2022,36.81108792,-86.27157005,155,124588.5917,199.77,1783.698975,14.74259949,21,developed,"Developed, Open Space",#DDC9C9,129.3921135,13
113,KY,McLean,NA,"37.603405, -87.277596",Raccoon,2022,Female,Juvenile,Y,16/02/2022,2022,2,16,01/02/2022,37.603405,-87.277596,146,0,122.88,1430.383911,13.89149952,81,planted,Pasture/Hay,#DBD83D,220.0903052,0
114,LA,St. Tammany,Fontainebleu State Park,"30.337848694233347, -90.03836630757513",Raccoon,2019,Female,Adult,Y,08/01/2019,2019,1,8,01/01/2019,30.33784869,-90.03836631,11,5611.626348,1.38,1407.356812,20.88539886,82,planted,Cultivated Crops,#AA7028,482.003412,0
115,LA,Rapides,Fortune Loop,"31.370487753220917, -92.27104250868754",Raccoon,2019,Male,Adult,N,08/02/2019,2019,2,8,01/02/2019,31.37048775,-92.27104251,74,127703.3098,27.8,1396.5979,19.20219994,23,developed,"Developed, Medium Intensity",#ED0000,5741.23016,50
116,LA,Ascension,"Muddy Creek Road, Prairieville, LA","30.32647154241669, -90.9188392146544",Raccoon,2019,Female,Adult,Y,21/02/2019,2019,2,21,01/02/2019,30.32647154,-90.91883921,19,11488.18739,6.21,1606.086914,20.58279991,22,developed,"Developed, Low Intensity",#D89382,350.8611857,23
117,LA,Livingston,Cedar Court,"30.541504191479266, -90.95891814620713",Raccoon,2019,Female,Adult,Y,19/03/2019,2019,3,19,01/03/2019,30.54150419,-90.95891815,19,15269.31604,16.08,1855.644897,20.52649879,23,developed,"Developed, Medium Intensity",#ED0000,1305.021753,61
118,LA,St. Tammany,"Estate Drive South, Mandeville","30.385988208197436, -90.05822997504482",Raccoon,2019,Female,Adult,Y,19/03/2019,2019,3,19,01/03/2019,30.38598821,-90.05822998,1,5611.626348,6.24,1454.133911,20.72990036,22,developed,"Developed, Low Intensity",#D89382,788.4166311,43
119,LA,DeSoto,"Highway 5, Gloster","32.131678829200766, -93.93851971217707",Striped Skunk,2019,Female,Adult,N,09/05/2019,2019,5,9,01/05/2019,32.13167883,-93.93851971,132,178546.7468,94.64,1391.911987,18.69479942,81,planted,Pasture/Hay,#DBD83D,160.8192003,0
120,LA,St. Tammany,"30.425699, -90.131693","30.425699, -90.131693",Striped Skunk,2019,Male,Juvenile,Y,14/05/2019,2019,5,14,01/05/2019,30.425699,-90.131693,11,8283.72933,2.24,1345.939819,20.79319954,21,developed,"Developed, Open Space",#DDC9C9,82.42297629,12
121,LA,Desoto,"Peyton Street, Grand Cane","32.0862211611051, -93.81181654618301",Striped Skunk,2019,Male,Adult,N,16/05/2019,2019,5,16,01/05/2019,32.08622116,-93.81181655,132,165677.1351,88.83,1399.018921,18.8810997,43,forest,Mixed Forest,#B5C98E,161.0330309,0
122,LA,East Baton Rouge,Unknown,"30.5223214328954, -91.08106737415835",Raccoon,2019,Female,Adult,N,21/05/2019,2019,5,21,01/05/2019,30.52232143,-91.08106737,10,12016.0114,12.86,1624.514893,20.64239883,90,wetlands,Woody Wetlands,#BAD8EA,3662.971473,0
123,LA,Tangipahoa,"North Fifth Street, Ponchatoula","30.443574067138204, -90.44089671922048",Gray Fox,2019,Female,Adult,N,31/05/2019,2019,5,31,01/05/2019,30.44357407,-90.44089672,16,29927.75949,7.66,1651.125,19.81719971,23,developed,"Developed, Medium Intensity",#ED0000,2179.54494,69
124,LA,Tangipahoa,"Crapanzano Road, Hammond","30.5121194771637, -90.51238348029275",Raccoon,2019,Female,Juvenile,Y,25/06/2019,2019,6,25,01/06/2019,30.51211948,-90.51238348,16,37859.98229,12.64,1673.042847,19.78100014,22,developed,"Developed, Low Intensity",#D89382,829.3581851,32
125,LA,East Baton Rouge,"Cross Keys Drive, Baton Rouge","30.407105793625078, -90.99549499223282",Raccoon,2019,Male,Juvenile,Y,13/08/2019,2019,8,13,01/08/2019,30.40710579,-90.99549499,5,11488.18739,11.65,1964.0979,20.54399872,22,developed,"Developed, Low Intensity",#D89382,1299.411705,41
126,LA,Bossier,"East Texas Street, Bossier City","32.528874532219454, -93.70164606141064",Gray Fox,2019,Male,Adult,N,15/11/2019,2019,11,15,01/11/2019,32.52887453,-93.70164606,38,141569.2722,51.23,1323.09082,19.10599899,23,developed,"Developed, Medium Intensity",#ED0000,2479.783725,74
127,LA,Orleans,"Cupid Street, New Orleans","29.925694904416666, -90.00902648854579",Raccoon,2020,Male,Adult,Y,09/01/2020,2020,1,9,01/01/2020,29.9256949,-90.00902649,88,7792.19436,-1.03,1970.951904,21.65999985,22,developed,"Developed, Low Intensity",#D89382,1265.537432,32
128,LA,East Baton Rouge,"Government Street, Baton Rouge","30.444354037250992, -91.14962344960134",Raccoon,2020,Male,Juvenile,Y,23/01/2020,2020,1,23,01/01/2020,30.44435404,-91.14962345,19,15403.45414,15.49,1849.355957,20.64609909,23,developed,"Developed, Medium Intensity",#ED0000,2402.900487,77
129,LA,East Baton Rouge,"near 30.419656, -91.162801","30.419656, -91.162801",Gray Fox,2020,Male,Adult,N,28/01/2020,2020,1,28,01/01/2020,30.419656,-91.162801,19,16221.7072,10.79,1911.920776,20.58939934,24,developed,"Developed, High Intensity",#AA0000,99.77860358,85
130,LA,East Baton Rouge,"Green Briar Drive, Baton Rouge","30.441547082347842, -91.08346974661815",Red Fox,2021,Male,Adult,N,05/01/2021,2021,1,5,01/01/2021,30.44154708,-91.08346975,19,9265.647493,13.81,1967.643921,20.59819984,22,developed,"Developed, Low Intensity",#D89382,2279.727789,30
131,LA,Ouachita,"Harrell Road, West Monroe","32.52683,-92.21810",Raccoon,2021,Male,Subadult,Y,06/01/2021,2021,1,6,01/01/2021,32.52683,-92.2181,132,92566.31274,34.83,1711.043945,18.78879929,21,developed,"Developed, Open Space",#DDC9C9,575.635773,1
132,LA,Orleans,"Prieur Street, New Orleans 70122","29.96980,-90.07255",Raccoon,2021,Male,Adult,Y,25/02/2021,2021,2,25,01/02/2021,29.9698,-90.07255,33,7792.19436,0.15,1837.74292,22.23629951,23,developed,"Developed, Medium Intensity",#ED0000,1742.443088,55
133,LA,Rapides,Pineville,"31.32839565339949, -92.43039496398421",Raccoon,2021,Male,Adult,N,19/08/2021,2021,8,19,01/08/2021,31.32839565,-92.43039496,74,133935.3891,32.66,1407.151001,19.42580032,22,developed,"Developed, Low Intensity",#D89382,1137.224539,26
134,LA,LaSalle,Jena,"31.6906,-92.1271",Gray Fox,2021,Male,Adult,Y,05/10/2021,2021,10,5,01/10/2021,31.6906,-92.1271,74,92566.31274,56.68,1542.226807,18.84129906,24,developed,"Developed, High Intensity",#AA0000,700.7719029,82
135,LA,Rapides,Pineville,"31.32839565339949, -92.43039496398421",Raccoon,2022,Male,Adult,N,26/08/2022,2022,8,26,01/08/2022,31.32839565,-92.43039496,74,133935.3891,32.66,1407.151001,19.42580032,22,developed,"Developed, Low Intensity",#D89382,1137.224539,26
136,MO,Boone,"39.107697, -92.192999","39.107697, -92.192999",Gray Fox,2019,Female,Adult,Y,15/01/2019,2019,1,15,01/01/2019,39.107697,-92.192999,117,19276.62901,261.31,1223.562988,12.19069958,81,planted,Pasture/Hay,#DBD83D,2561.805384,0
137,MO,Barry,Roaring Rivers State Park,"36.58792216223077, -93.82774476841051",Raccoon,2020,Male,Adult,Y,19/11/2020,2020,11,19,01/11/2020,36.58792216,-93.82774477,111,27550.97018,353.82,1639.381836,13.64969921,41,forest,Deciduous Forest,#68AA63,610.8452338,0
138,MO,Taney,Branson,"36.6436,-93.2564",Raccoon,2021,Female,Adult,Y,06/01/2021,2021,1,6,01/01/2021,36.6436,-93.2564,111,27147.85737,302.03,1547.488892,13.80319977,24,developed,"Developed, High Intensity",#AA0000,1295.91024,86
139,MO,St. Louis,Land grant 01983,"38.5376,-90.4863",Raccoon,2021,Female,Adult,Y,03/02/2021,2021,2,3,01/02/2021,38.5376,-90.4863,94,21009.12069,165.17,1593.907959,13.36679935,22,developed,"Developed, Low Intensity",#D89382,905.6762339,26
140,MO,St. Louis,"38.62773, -90.70183","38.62773, -90.70183",Raccoon,2021,Female,Adult,Y,02/03/2021,2021,3,2,01/03/2021,38.62773,-90.70183,94,413.1502858,204.31,1450.71582,13.2652998,21,developed,"Developed, Open Space",#DDC9C9,1994.160165,1
141,MO,St. Louis,"38.629642, -90.697775","38.629642, -90.697775",Raccoon,2021,Female,Adult,Y,16/03/2021,2021,3,16,01/03/2021,38.629642,-90.697775,89,413.1502858,151.56,1450.71582,13.2652998,41,forest,Deciduous Forest,#68AA63,1937.935345,0
142,MO,Boone,"38.88450, -92.3057","38.88450, -92.3057",Raccoon,2021,Female,Adult,N,17/03/2021,2021,3,17,01/03/2021,38.8845,-92.3057,133,27417.11322,239,1235.797974,12.80089951,22,developed,"Developed, Low Intensity",#D89382,1714.060532,20
143,MO,Greene,T29NR22WS30,"37.2101,-93.3309",Striped Skunk,2021,Male,Adult,Y,30/03/2021,2021,3,30,01/03/2021,37.2101,-93.3309,110,8666.356003,385.29,1424.796997,13.57599926,23,developed,"Developed, Medium Intensity",#ED0000,4466.35075,50
144,MO,Greene,T28NR22WS17,"37.1319,-93.3309",Striped Skunk,2021,Male,Adult,Y,30/03/2021,2021,3,30,01/03/2021,37.1319,-93.3309,100,0,382.2,1467.98999,13.55760002,22,developed,"Developed, Low Intensity",#D89382,2910.898998,42
145,MO,Stone,T22NR23WS03,"36.63420852450282, -93.41387049412545",Raccoon,2021,Male,Adult,N,01/04/2021,2021,4,1,01/04/2021,36.63420852,-93.41387049,111,14228.0086,296.89,1552.328857,13.75759983,22,developed,"Developed, Low Intensity",#D89382,247.9979153,46
146,MO,Christian,T26NR21WS03,"36.9936,-93.2035",Striped Skunk,2021,Male,Unknown,Y,07/04/2021,2021,4,7,01/04/2021,36.9936,-93.2035,104,2993.501073,384.36,1537.776978,13.42149925,81,planted,Pasture/Hay,#DBD83D,208.7935678,0
147,MO,Christian,T27NR21WS36,"37.0206,-93.2048",Striped Skunk,2021,Male,Adult,Y,07/04/2021,2021,4,7,01/04/2021,37.0206,-93.2048,103,2993.501073,358.79,1537.776978,13.42149925,23,developed,"Developed, Medium Intensity",#ED0000,482.4426587,70
148,MO,Washington,T39NR03ES21,"38.0858,-90.7133",Raccoon,2021,Female,Adult,Y,08/04/2021,2021,4,8,01/04/2021,38.0858,-90.7133,143,35346.42751,226.97,1369.60791,12.87379932,41,forest,Deciduous Forest,#68AA63,1688.738123,0
149,MO,Greene,T28NR22WS18,"37.1319,-93.3309",Striped Skunk,2021,Female,Adult,Y,28/04/2021,2021,4,28,01/04/2021,37.1319,-93.3309,100,0,382.2,1467.98999,13.55760002,22,developed,"Developed, Low Intensity",#D89382,2910.898998,42
150,MO,Stone,T23NR24WS09,"36.6976,-93.5525",Raccoon,2021,Male,Adult,Y,28/04/2021,2021,4,28,01/04/2021,36.6976,-93.5525,73,27147.85737,376.16,1468.299805,13.57479954,41,forest,Deciduous Forest,#68AA63,286.2655598,0
151,MO,Boone,T51NR13WS11,"39.1863,-92.3923",Striped Skunk,2021,Male,Adult,Y,02/06/2021,2021,6,2,01/06/2021,39.1863,-92.3923,3,19276.62901,248.3,1279.064941,12.25259972,43,forest,Mixed Forest,#B5C98E,982.8319892,0
152,MO,"A, B: St. Charles","A, B: Landgrant 01766","38.817182885988906, -90.63175833428565",Raccoon,2021,Female,Juvenile,N,15/07/2021,2021,7,15,01/07/2021,38.81718289,-90.63175833,89,21936.37367,132.28,1390.10083,12.86619949,82,planted,Cultivated Crops,#AA7028,4603.128255,0
153,MO,"A, B: St. Charles","A, B: Landgrant 01766","38.817182885988906, -90.63175833428565",Raccoon,2021,Female,Juvenile,N,15/07/2021,2021,7,15,01/07/2021,38.81718289,-90.63175833,89,21936.37367,132.28,1390.10083,12.86619949,82,planted,Cultivated Crops,#AA7028,4603.128255,0
154,MO,Greene,T29NR22WS02,"37.26132582525887, -93.29232389426181",Striped Skunk,2021,Female,Juvenile,N,21/07/2021,2021,7,21,01/07/2021,37.26132583,-93.29232389,110,14766.70629,377.66,1532.640991,13.55019951,21,developed,"Developed, Open Space",#DDC9C9,473.5139824,1
155,MO,Franklin,T44NR02ES26,"38.5632,-91.1705",Raccoon,2021,Male,Juvenile,Y,15/09/2021,2021,9,15,01/09/2021,38.5632,-91.1705,89,41498.56892,165.36,1451.903809,12.53929996,82,planted,Cultivated Crops,#AA7028,1256.117635,0
156,MO,Audrain,T50NR09WS01,"39.15643987873807, -91.87024735816244",Raccoon,2021,Male,Adult,N,30/09/2021,2021,9,30,01/09/2021,39.15643988,-91.87024736,133,29495.00014,231.54,1232.447998,11.6449995,22,developed,"Developed, Low Intensity",#D89382,80.52034809,40
157,MO,Callaway,T48NR10WS25,"38.9086,-91.9914",Striped Skunk,2021,Male,Adult,Y,14/10/2021,2021,10,14,01/10/2021,38.9086,-91.9914,3,28096.87409,259.63,1241.069946,12.20389938,81,planted,Pasture/Hay,#DBD83D,184.0581789,0
158,MO,Jefferson,T40NR06ES28,"38.1625,-90.3228",Gray Fox,2022,Female,Adult,Y,27/01/2022,2022,1,27,01/01/2022,38.1625,-90.3228,106,35346.42751,148.45,1337.077026,13.12099934,41,forest,Deciduous Forest,#68AA63,1600.976177,0
159,MO,Stoddard,T27NR10ES34,"36.937888821945236, -89.96474869453259",Striped Skunk,2022,Unknown,Adult,N,08/03/2022,2022,3,8,01/03/2022,36.93788882,-89.96474869,142,142112.5205,120.53,1711.442993,14.63299942,81,planted,Pasture/Hay,#DBD83D,167.5633626,0
160,MO,Webster,"Marshfield; 37.32584, -92.9029","37.32584, -92.9029",Red Fox,2022,Male,Adult,N,23/03/2022,2022,3,23,01/03/2022,37.32584,-92.9029,99,40188.72046,451.41,1433.702881,13.25889969,81,planted,Pasture/Hay,#DBD83D,232.0068537,0
161,MO,Boone,"Gazelle Drive, Columbia","38.98419901787696, -92.33692427304726",Raccoon,2022,Female,Adult,N,12/05/2022,2022,5,12,01/05/2022,38.98419902,-92.33692427,117,22915.51557,214.68,1223.425903,12.97359943,23,developed,"Developed, Medium Intensity",#ED0000,539.7791997,67
162,MO,Cole,"Wardsville Road, Jefferson City","38.50107043317918, -92.17602836746053",Raccoon,2022,Male,Adult,Y,12/05/2022,2022,5,12,01/05/2022,38.50107043,-92.17602837,133,48076.28246,215.31,1412.286011,12.86209965,21,developed,"Developed, Open Space",#DDC9C9,763.0792077,10
163,MO,Cooper,"Logan Drive, Prairie Home","38.82580646739494, -92.62284290915993",Raccoon,2022,Male,Juvenile,N,20/07/2022,2022,7,20,01/07/2022,38.82580647,-92.62284291,117,44804.94767,249.58,1271.291992,12.62269974,22,developed,"Developed, Low Intensity",#D89382,73.43362463,20
164,MO,Cooper,"Logan Drive, Prairie Home","38.82554903787683, -92.6227093021443",Raccoon,2022,Male,Juvenile,Y,20/07/2022,2022,7,20,01/07/2022,38.82554904,-92.6227093,117,44825.33444,250.24,1271.291992,12.62269974,21,developed,"Developed, Open Space",#DDC9C9,97.22638474,19
165,MO,Christian,"37.0612, -93.2848","37.0612, -93.2848",Raccoon,2022,Male,Juvenile,N,07/09/2022,2022,9,7,01/09/2022,37.0612,-93.2848,110,8824.027891,392.87,1459.792969,13.51679993,23,developed,"Developed, Medium Intensity",#ED0000,1422.082326,67
166,MO,Boone,"Interstate 70 Drive SW, Columbia","38.968636838611936, -92.37783749954764",Raccoon,2022,NA,NA,N,15/11/2022,2022,11,15,01/11/2022,38.96863684,-92.3778375,117,24185.59719,212.8,1208.143921,12.87039948,43,forest,Mixed Forest,#B5C98E,866.156903,0
167,MO,Webster,Marshfield;,"37.32584, -92.9029",Red Fox,2022,Male,Adult,Y,23/03/2022,2022,3,23,01/03/2022,37.32584,-92.9029,99,40188.72046,451.41,1433.702881,13.25889969,81,planted,Pasture/Hay,#DBD83D,232.0068537,0
168,NC,Gaston,Dallas city limits,"35.3157867909785, -81.17776414581522",Gray Fox,2019,Male,Adult,Y,26/02/2019,2019,2,26,01/02/2019,35.31578679,-81.17776415,67,4996.691266,239.37,1272.565918,17.00239944,21,developed,"Developed, Open Space",#DDC9C9,1099.409452,17
169,NC,Gaston,Gaston city limits,"35.267914546385796, -81.19335529647749",Raccoon,2019,Male,Adult,Y,26/02/2019,2019,2,26,01/02/2019,35.26791455,-81.1933553,60,801.3529618,248.17,1273.836914,17.08909988,21,developed,"Developed, Open Space",#DDC9C9,2083.269089,12
170,NC,Wake,Chapanoke Road,"35.735676381372315, -78.65212973369113",Gray Fox,2019,Male,Adult,Y,01/03/2019,2019,3,1,01/03/2019,35.73567638,-78.65212973,40,60210.82924,104.51,1166.461914,16.70240021,23,developed,"Developed, Medium Intensity",#ED0000,657.4141981,53
171,NC,Perquimans,"Ocean Highway, Hertford; 36.210092, -76.4108859","36.210092, -76.4108859",Raccoon,2019,Male,Adult,N,03/05/2019,2019,5,3,01/05/2019,36.210092,-76.4108859,23,51914.36984,3.77,1292.18396,17.13380051,82,planted,Cultivated Crops,#AA7028,3146.044323,0
172,NC,Hertford,Town of Ahoski,"36.28818956542191, -76.98621587756341",Gray Fox,2019,Female,Adult,Y,31/10/2019,2019,10,31,01/10/2019,36.28818957,-76.98621588,24,606.8586674,15.81,1173.901001,16.18700027,22,developed,"Developed, Low Intensity",#D89382,5156.853278,40
173,NC,Hertford,"Sunset Avenue, Ahoskie","36.28495146615191, -76.99156797268942",Gray Fox,2019,Female,Juvenile,Y,05/11/2019,2019,11,5,01/11/2019,36.28495147,-76.99156797,23,606.8586674,16.1,1173.901001,16.18700027,22,developed,"Developed, Low Intensity",#D89382,5745.992013,40
174,NC,Gaston,"Greendale Drive, Gastonia","35.30665560347885, -81.0743315221157",Gray Fox,2019,Male,Adult,Y,26/11/2019,2019,11,26,01/11/2019,35.3066556,-81.07433152,27,288.3919495,246.53,1293.245972,17.28219986,22,developed,"Developed, Low Intensity",#D89382,727.6873945,27
175,NC,Gaston,"Smith Road, Mt. Holly","35.30712213000346, -81.0712178058008",Raccoon,2019,Female,Adult,Y,26/11/2019,2019,11,26,01/11/2019,35.30712213,-81.07121781,26,288.3919495,239.78,1293.245972,17.28219986,21,developed,"Developed, Open Space",#DDC9C9,1014.16461,15
176,NC,Brunswick,Bald Head Island Club,"33.86180108056694, -78.0038687289653",Red Fox,2020,Female,Adult,N,09/01/2020,2020,1,9,01/01/2020,33.86180108,-78.00386873,56,127954.1402,1.19,1179.994995,19.03050041,23,developed,"Developed, Medium Intensity",#ED0000,316.4621547,78
177,NC,Sampson,Newton Grove,"35.24575509277768, -78.35516775138827",Raccoon,2020,Female,Adult,Y,28/02/2020,2020,2,28,01/02/2020,35.24575509,-78.35516775,9,60210.82924,56.49,1228.25293,17.26420021,24,developed,"Developed, High Intensity",#AA0000,479.9485211,81
178,NC,Beaufort,"35.273136, -76.794340; Aurora","35.273136, -76.794340",Raccoon,2020,Male,Adult,Y,04/03/2020,2020,3,4,01/03/2020,35.273136,-76.79434,69,12505.50021,2.18,1321.653809,18.04870033,21,developed,"Developed, Open Space",#DDC9C9,1835.22447,12
179,NC,Burke,Torre Pellice Street,"35.7395315658694, -81.54655663077939",Gray Fox,2020,Male,Subadult,Y,07/04/2020,2020,4,7,01/04/2020,35.73953157,-81.54655663,127,5180.755203,348.94,1606.55188,15.54099941,21,developed,"Developed, Open Space",#DDC9C9,664.0784853,14
180,NC,Caldwell,"Cameron Place, Hudson","35.838003967237775, -81.50050761302512",Gray Fox,2020,Female,Adult,Y,22/05/2020,2020,5,22,01/05/2020,35.83800397,-81.50050761,49,0,359.03,1553.513916,15.4180994,21,developed,"Developed, Open Space",#DDC9C9,2761.55634,8
181,NC,Caldwell,"Cameron Place, Hudson","35.838003967237775, -81.50050761302512",Raccoon,2020,Male,Adult,Y,02/06/2020,2020,6,2,01/06/2020,35.83800397,-81.50050761,49,0,359.03,1553.513916,15.4180994,21,developed,"Developed, Open Space",#DDC9C9,2761.55634,8
182,NC,Caldwell,Moonbeam Lane,"35.92128687817077, -81.44945763816466",Raccoon,2020,Male,Adult,N,05/06/2020,2020,6,5,01/06/2020,35.92128688,-81.44945764,48,10427.87138,412.11,1479.747925,15.05049992,22,developed,"Developed, Low Intensity",#D89382,4818.324593,22
183,NC,Carteret,"34.728281, -76.725779","34.728281, -76.725779",Raccoon,2020,Female,Adult,Y,02/07/2020,2020,7,2,01/07/2020,34.728281,-76.725779,62,1419.415083,1.54,1488.078979,18.6026001,21,developed,"Developed, Open Space",#DDC9C9,62.65581023,10
184,NC,Caldwell,"Kingtown Road, Lenoir","35.87146065700533, -81.62870388168542",Gray Fox,2020,Female,Subadult,Y,18/08/2020,2020,8,18,01/08/2020,35.87146066,-81.62870388,75,1498.725524,336.16,1461.416992,15.38159943,21,developed,"Developed, Open Space",#DDC9C9,8911.87896,10
185,NC,Craven,"34.981788, -76.948929","34.981788, -76.948929",Raccoon,2020,Female,Juvenile,Y,18/08/2020,2020,8,18,01/08/2020,34.981788,-76.948929,123,10515.05869,8.63,1242.066895,18.28680038,52,shrubland,Scrub/Shrub,#CCBA7C,245.7350094,0
186,NC,Craven,"37.05357964912565, -82.79186386036102","37.05357964912565, -82.79186386036102",Red Fox,2020,Male,Adult,N,03/09/2020,2020,9,3,01/09/2020,37.05357965,-82.79186386,102,17821.47977,516.31,1478.663818,13.00939941,23,developed,"Developed, Medium Intensity",#ED0000,111730.7768,62
187,NC,Carteret,"34.685271, -77.061098","34.685271, -77.061098",Raccoon,2020,Male,Subadult,Y,16/09/2020,2020,9,16,01/09/2020,34.685271,-77.061098,147,7059.045141,4.01,1225.021851,18.53699875,22,developed,"Developed, Low Intensity",#D89382,83.32663248,35
188,NC,Pamlico,"Neals Creek Road, Bayboro; 35.1379304, -76.7833101","35.1379304, -76.7833101",Raccoon,2020,Female,Adult,Y,01/10/2020,2020,10,1,01/10/2020,35.1379304,-76.7833101,84,735.9601002,2.87,1374.788818,18.01949883,23,developed,"Developed, Medium Intensity",#ED0000,864.3949075,65
189,NC,Pamlico,"Millpond Road, Bayboro; 35.1318716, -76.787818054","35.1318716, -76.787818054",Raccoon,2020,Female,Adult,Y,01/10/2020,2020,10,1,01/10/2020,35.1318716,-76.78781805,58,799.9724538,1.98,1374.788818,18.01949883,90,wetlands,Woody Wetlands,#BAD8EA,1151.76345,0
190,NC,Gaston,"Ridge Avenue, Gastonia","35.27170798074042, -81.2009627688587",Raccoon,2020,Male,Adult,Y,08/10/2020,2020,10,8,01/10/2020,35.27170798,-81.20096277,8,801.3529618,233.25,1282.707886,17.03380013,22,developed,"Developed, Low Intensity",#D89382,1403.127578,48
191,NC,Pamlico,"35.1440627, -76.7785673","35.1440627, -76.7785673",Raccoon,2020,Female,Adult,Y,16/10/2020,2020,10,16,01/10/2020,35.1440627,-76.7785673,58,818.5325701,3.52,1374.788818,18.01949883,23,developed,"Developed, Medium Intensity",#ED0000,978.3582652,77
192,NC,Carteret,"34.720989, -76.712744","34.720989, -76.712744",Raccoon,2020,Male,Juvenile,Y,16/10/2020,2020,10,16,01/10/2020,34.720989,-76.712744,50,1419.415083,2.71,1488.078979,18.6026001,24,developed,"Developed, High Intensity",#AA0000,133.4996419,88
193,NC,Carteret,"34.730203, -76.804789","34.730203, -76.804789",Raccoon,2020,Male,Juvenile,Y,16/10/2020,2020,10,16,01/10/2020,34.730203,-76.804789,50,7200.744758,0.96,1330.441895,18.38049889,22,developed,"Developed, Low Intensity",#D89382,10.53251651,48
194,NC,Pamlico,"Elm Street, Bayboro; 35.0845, -76.4549","35.0845, -76.4549",Raccoon,2020,Female,Adult,Y,20/10/2020,2020,10,20,01/10/2020,35.0845,-76.4549,65,11583.89826,0,1336.975952,18.8362999,11,water,Open Water,#476BA0,0,0
195,NC,Pamlico,"USCG Station, Hobucken; 35.1451, -76.3534","35.1451, -76.3534",Raccoon,2020,Female,Adult,Y,20/10/2020,2020,10,20,01/10/2020,35.1451,-76.3534,64,11583.89826,0,1236.442017,19.11129951,11,water,Open Water,#476BA0,0,0
196,NC,Gaston,"Rhyne Circle, Ranlo","35.28814,-81.13361",Raccoon,2020,Male,Adult,Y,27/10/2020,2020,10,27,01/10/2020,35.28814,-81.13361,7,4996.691266,237.35,1283.081909,17.31480026,22,developed,"Developed, Low Intensity",#D89382,1053.620649,23
197,NC,Perquimans,"36.231154, -76.539323","36.231154, -76.539323",Raccoon,2020,Female,Adult,N,30/10/2020,2020,10,30,01/10/2020,36.231154,-76.539323,23,40266.59358,5.06,1269.708008,16.70849991,21,developed,"Developed, Open Space",#DDC9C9,2676.607005,15
198,NC,Beaufort,"Breeze Way, Aurora","35.27358218960695, -76.6562222596231",Raccoon,2020,Male,Adult,Y,04/11/2020,2020,11,4,01/11/2020,35.27358219,-76.65622226,42,12505.50021,0.96,1342.48291,18.15390015,21,developed,"Developed, Open Space",#DDC9C9,249.1068242,12
199,NC,Washington,"Pettigrew State Park, ~35.791809, -76.409542","35.791809, -76.409542",Gray Fox,2020,Male,Adult,N,10/11/2020,2020,11,10,01/11/2020,35.791809,-76.409542,69,62556.20778,3.91,1294.079956,17.18369865,82,planted,Cultivated Crops,#AA7028,217.3431928,0
200,NC,Carteret,"34.714452, -76.646053; Ocean Street, Beaufort","34.714452, -76.646053",Raccoon,2020,Male,Adult,Y,13/11/2020,2020,11,13,01/11/2020,34.714452,-76.646053,71,1056.385665,4.11,1477.041016,18.71769905,22,developed,"Developed, Low Intensity",#D89382,268.4133142,34
201,NC,Carteret,"Gordon Street, Beaufort; 34.714529, -76.657640","34.714529, -76.657640",Raccoon,2020,Male,Subadult,Y,13/11/2020,2020,11,13,01/11/2020,34.714529,-76.65764,70,1056.385665,3.05,1477.041016,18.71769905,23,developed,"Developed, Medium Intensity",#ED0000,194.3695571,65
202,NC,Carteret,Morehead City,"34.73554329789056, -76.76728312901923",Raccoon,2020,Male,Subadult,N,13/11/2020,2020,11,13,01/11/2020,34.7355433,-76.76728313,50,3845.653287,5.67,1367.069946,18.43420029,21,developed,"Developed, Open Space",#DDC9C9,139.4473177,7
203,NC,Caldwell,Hartland Road,"35.86493,-81.61399",Raccoon,2021,Female,Adult,Y,07/01/2021,2021,1,7,01/01/2021,35.86493,-81.61399,79,649.6053865,331.88,1461.416992,15.38159943,22,developed,"Developed, Low Intensity",#D89382,8224.113402,20
204,NC,McDowell,Black Gum Drive,"35.61985,-82.16200",Raccoon,2021,Female,Adult,Y,08/01/2021,2021,1,8,01/01/2021,35.61985,-82.162,77,2769.385614,495.96,1722.278931,14.97939968,21,developed,"Developed, Open Space",#DDC9C9,575.4146125,10
205,NC,McDowell,West Fort Street,"35.62823,-82.19105",Raccoon,2021,Female,Subadult,Y,08/01/2021,2021,1,8,01/01/2021,35.62823,-82.19105,76,2769.385614,463.81,1697.725952,14.85779953,21,developed,"Developed, Open Space",#DDC9C9,402.1721936,1
206,NC,Caldwell,Hartland Road,"35.86526166010206, -81.60680009346721",Raccoon,2021,Female,Adult,Y,15/01/2021,2021,1,15,01/01/2021,35.86526166,-81.60680009,75,649.6053865,342.77,1461.416992,15.38159943,43,forest,Mixed Forest,#B5C98E,8314.583659,0
207,NC,Pamlico,"35.027056, -76.697775","35.027056, -76.697775",Raccoon,2021,Male,Adult,Y,20/01/2021,2021,1,20,01/01/2021,35.027056,-76.697775,59,14063.90511,1.6,1358.448975,18.166399,23,developed,"Developed, Medium Intensity",#ED0000,102.1749089,50
208,NC,Gaston,"Ridge Avenue, Cherryville High School","35.38948,-81.37960",Raccoon,2021,Male,Adult,Y,22/01/2021,2021,1,22,01/01/2021,35.38948,-81.3796,7,19893.06836,287.47,1363.883911,16.26039886,24,developed,"Developed, High Intensity",#AA0000,774.2185431,82
209,NC,McDowell,Hidden View Loop,"35.6806,-82.0612",Raccoon,2021,Male,Subadult,Y,22/01/2021,2021,1,22,01/01/2021,35.6806,-82.0612,87,1748.913281,430.02,1728.61792,15.52629948,21,developed,"Developed, Open Space",#DDC9C9,525.680242,1
210,NC,McDowell,Old Greenlee Road,"35.66790,-82.11088",Raccoon,2021,Female,Adult,Y,27/01/2021,2021,1,27,01/01/2021,35.6679,-82.11088,87,3294.758466,405.35,1736.60791,14.3406992,21,developed,"Developed, Open Space",#DDC9C9,411.4318234,3
211,NC,Pamlico,"Island Road, Alliance; 35.139943, -76.791111","35.139943, -76.791111",Striped Skunk,2021,Female,Adult,Y,29/01/2021,2021,1,29,01/01/2021,35.139943,-76.791111,58,735.9601002,3.72,1374.788818,18.01949883,22,developed,"Developed, Low Intensity",#D89382,1599.66432,23
212,NC,McDowell,Mt. Hebron Road,"35.5675,-82.2216",Raccoon,2021,Male,Adult,Y,18/02/2021,2021,2,18,01/02/2021,35.5675,-82.2216,77,7346.433454,495.19,1745.205933,14.68779945,41,forest,Deciduous Forest,#68AA63,252.9716018,0
213,NC,McDowell,Mountain View Road,"35.68354,-82.08029",Raccoon,2021,Female,Adult,Y,23/02/2021,2021,2,23,01/02/2021,35.68354,-82.08029,82,1748.913281,391.6,1731.011963,15.14479923,43,forest,Mixed Forest,#B5C98E,329.6901456,0
214,NC,Caldwell,Sheely Road,"35.88019,-81.59223",Gray Fox,2021,Male,Adult,Y,04/03/2021,2021,3,4,01/03/2021,35.88019,-81.59223,79,2137.626792,333.94,1450.043823,15.41860008,22,developed,"Developed, Low Intensity",#D89382,9162.407713,20
215,NC,Catawba,Brarbrick Street,"35.57922,-81.01216",Raccoon,2021,Female,Adult,Y,23/03/2021,2021,3,23,01/03/2021,35.57922,-81.01216,109,4028.698572,240.69,1233.650879,16.37590027,21,developed,"Developed, Open Space",#DDC9C9,48.09318733,12
216,NC,Catawba,Sigmon Cove Lane,"35.57674,-80.96521",Raccoon,2021,Female,Adult,Y,22/04/2021,2021,4,22,01/04/2021,35.57674,-80.96521,109,284.9068696,246.45,1210.700928,16.38780022,21,developed,"Developed, Open Space",#DDC9C9,102.8619112,12
217,NC,Catawba,"Sherryn Run, Terrell","35.57528,-80.96776",Raccoon,2021,Male,Adult,Y,22/04/2021,2021,4,22,01/04/2021,35.57528,-80.96776,108,284.9068696,248.84,1210.700928,16.38780022,21,developed,"Developed, Open Space",#DDC9C9,183.2061246,12
218,NC,Carteret,"34.714215, -76.654104","34.714215, -76.654104",Gray Fox,2021,Female,Adult,N,03/06/2021,2021,6,3,01/06/2021,34.714215,-76.654104,70,735.4502046,2.69,1477.041016,18.71769905,22,developed,"Developed, Low Intensity",#D89382,190.2649416,29
219,NC,Nash,Rocky Mount,"35.9559,-77.8048",Raccoon,2021,Male,Adult,Y,24/06/2021,2021,6,24,01/06/2021,35.9559,-77.8048,9,80651.11037,33.53,1103.321899,16.67869949,21,developed,"Developed, Open Space",#DDC9C9,221.7785087,19
220,NC,Caldwell,"Swanson Drive, Lenoir","35.86383,-81.51483",Gray Fox,2021,Male,Adult,Y,20/07/2021,2021,7,20,01/07/2021,35.86383,-81.51483,48,3125.555573,369.42,1487.567017,15.32999992,21,developed,"Developed, Open Space",#DDC9C9,4089.10462,1
221,NC,Craven,"Gondolier Drive, New Bern","35.07510,-76.96937",Raccoon,2021,Male,Adult,Y,21/07/2021,2021,7,21,01/07/2021,35.0751,-76.96937,52,10515.05869,2.3,1247.690918,18.18549919,22,developed,"Developed, Low Intensity",#D89382,73.29471575,40
222,NC,Gaston,"Chestnut Lane, Gastonia","35.204916610059314, -81.27403702894189",Red Fox,2021,Male,Adult,N,30/07/2021,2021,7,30,01/07/2021,35.20491661,-81.27403703,8,10249.60321,258.85,1276.378906,16.91419983,21,developed,"Developed, Open Space",#DDC9C9,168.5215204,10
223,NC,Burke,"River Walk Drive, Connelly Springs","35.77581,-81.51146",Raccoon,2021,Male,Adult,Y,03/08/2021,2021,8,3,01/08/2021,35.77581,-81.51146,47,5180.755203,347.35,1585.813843,15.65149975,21,developed,"Developed, Open Space",#DDC9C9,347.5120715,15
224,NC,Caldwell,Grace Chapel Road,"35.815242323392035, -81.36679121331989",Raccoon,2021,Female,Adult,N,10/09/2021,2021,9,10,01/09/2021,35.81524232,-81.36679121,49,12264.75251,343.12,1546.932983,15.60709953,21,developed,"Developed, Open Space",#DDC9C9,331.8247926,13
225,NC,Burke,"Birdseye Court, Connelly Springs","35.64104215671201, -81.50290935776935",Raccoon,2021,Female,Adult,N,22/09/2021,2021,9,22,01/09/2021,35.64104216,-81.50290936,127,14994.99619,410.31,1536.619873,15.61739922,22,developed,"Developed, Low Intensity",#D89382,3458.754165,22
226,NC,Caldwell,"Sherrill Drive, Granite Falls","35.81248367966757, -81.45209734996821",Raccoon,2021,Male,Subadult,N,22/09/2021,2021,9,22,01/09/2021,35.81248368,-81.45209735,49,5156.912673,369.48,1555.498901,15.69629955,22,developed,"Developed, Low Intensity",#D89382,2375.059805,21
227,NC,Davidson,"Kesler Road, Lexington","35.78295083975986, -80.4576796967153",Striped Skunk,2021,Female,Adult,N,08/10/2021,2021,10,8,01/10/2021,35.78295084,-80.4576797,109,51973.04888,217.61,1266.331909,15.4642992,21,developed,"Developed, Open Space",#DDC9C9,764.0017031,15
228,NC,Chowan,"Rocky Hock on River Road; 36.186901, -76.714678","36.186901, -76.714678",Raccoon,2021,Male,Adult,N,14/10/2021,2021,10,14,01/10/2021,36.186901,-76.714678,24,26795.49057,6.47,1264.727905,17.30239868,21,developed,"Developed, Open Space",#DDC9C9,321.9528116,5
229,NC,Pasquotank,"Bluff Point, Elizabeth City; 36.191874, -76.114540","36.191874, -76.114540",Gray Fox,2021,Female,Adult,Y,21/10/2021,2021,10,21,01/10/2021,36.191874,-76.11454,23,78343.51317,0.49,1474.736816,17.5109005,22,developed,"Developed, Low Intensity",#D89382,2097.489235,32
230,NC,Burke,"Smawley St., Morgantown","35.69519,-81.83272",Gray Fox,2021,Female,Adult,Y,29/10/2021,2021,10,29,01/10/2021,35.69519,-81.83272,82,20734.73073,397.43,1506.164917,15.41009998,22,developed,"Developed, Low Intensity",#D89382,2422.749325,35
231,NC,Burke,"Deker Road, Connelly Springs","35.76367936877339, -81.47004365740688",Raccoon,2021,Female,Adult,N,29/10/2021,2021,10,29,01/10/2021,35.76367937,-81.47004366,47,7459.526835,360,1551.855957,15.7244997,21,developed,"Developed, Open Space",#DDC9C9,1580.632541,15
232,NC,"A, B: Lincoln","A, B: near Will Street, Iron Station","35.46328,-81.16458",Raccoon,2021,Male,Adult,Y,14/12/2021,2021,12,14,01/12/2021,35.46328,-81.16458,140,0,271.1,1315.773926,16.1637001,21,developed,"Developed, Open Space",#DDC9C9,372.9318358,15
233,NC,"A, B: Lincoln","A, B: near Will Street, Iron Station","35.46328,-81.16458",Raccoon,2021,Female,Adult,Y,14/12/2021,2021,12,14,01/12/2021,35.46328,-81.16458,140,0,271.1,1315.773926,16.1637001,21,developed,"Developed, Open Space",#DDC9C9,372.9318358,15
234,NC,Craven,"34.0437868, -77.0398852","35.09309230030743, -77.08102627229393",Raccoon,2022,Unknown,Adult,N,06/01/2022,2022,1,6,01/01/2022,35.0930923,-77.08102627,56,71440.0514,NA,NA,NA,0,NA,NA,NA,54099.82493,127
235,NC,Onslow,"John El Hearst Drive, Swansboro","34.672286080290064, -77.13633417907933",Raccoon,2022,Male,Juvenile,Y,20/04/2022,2022,4,20,01/04/2022,34.67228608,-77.13633418,56,7059.045141,2.43,1310.78186,18.44479942,22,developed,"Developed, Low Intensity",#D89382,75.1214171,25
236,NC,Craven,"35.139909, -77.071701","35.139909, -77.071701",Raccoon,2022,Female,Juvenile,N,20/04/2022,2022,4,20,01/04/2022,35.139909,-77.071701,123,11600.26577,4.94,1284.437866,18.18239975,23,developed,"Developed, Medium Intensity",#ED0000,355.6307068,79
237,NC,Brunswick,Ocean Isle Beach,"33.88863817561709, -78.4371137810136",Gray Fox,2022,Male,Adult,N,03/06/2022,2022,6,3,01/06/2022,33.88863818,-78.43711378,40,151491.2795,3.66,1422.539917,18.47970009,24,developed,"Developed, High Intensity",#AA0000,121.1989999,88
238,NC,Onslow,"Petersburg Road, Richlands","34.92753634543441, -77.5393079638167",Raccoon,2022,Female,Juvenile,N,29/09/2022,2022,9,29,01/09/2022,34.92753635,-77.53930796,158,49223.06666,16.38,1284.789917,17.40679932,82,planted,Cultivated Crops,#AA7028,4819.822246,0
239,NC,Avery,"Mountain Shadow Lane, Newland","36.10661681643065, -81.94777810041431",Raccoon,2022,NA,NA,N,06/10/2022,2022,10,6,01/10/2022,36.10661682,-81.9477781,51,38451.67082,1123.25,1427.439819,10.8593998,81,planted,Pasture/Hay,#DBD83D,7350.411787,0
240,NC,Avery,"Mountain Shadow Lane, Newland","36.10661681643065, -81.94777810041431",Raccoon,2022,Female,Subadult,Y,06/10/2022,2022,10,6,01/10/2022,36.10661682,-81.9477781,51,38451.67082,1123.25,1427.439819,10.8593998,81,planted,Pasture/Hay,#DBD83D,7350.411787,0
241,NC,Craven,NA,"35.139909, -77.071701",Raccoon,2022,NA,NA,Y,20/04/2022,2022,4,20,01/04/2022,35.139909,-77.071701,123,11600.26577,4.94,1284.437866,18.18239975,23,developed,"Developed, Medium Intensity",#ED0000,355.6307068,79
242,NE,Box Butte,23 NW of Alliance,"42.11794905316359, -102.87565094404984",Striped Skunk,2019,Female,Adult,N,23/07/2019,2019,7,23,01/07/2019,42.11794905,-102.8756509,34,339871.3696,1215.58,611.3969116,6.893300056,24,developed,"Developed, High Intensity",#AA0000,346.7416851,86
243,NE,Box Butte,23 NW of Alliance,"42.11794905316359, -102.87565094404984",Striped Skunk,2019,Male,Juvenile,N,23/07/2019,2019,7,23,01/07/2019,42.11794905,-102.8756509,34,339871.3696,1215.58,611.3969116,6.893300056,24,developed,"Developed, High Intensity",#AA0000,346.7416851,86
244,NC,Montgomery,Uwharrie Point Community,"35.477635358507996, -80.10873432339558",Red Fox,2019,Female,Subadult,N,06/11/2019,2019,11,6,01/11/2019,35.47763536,-80.10873432,109,78211.54232,165.5,1288.432983,16.45400047,NA,NA,NA,NA,1421927.383,NA
245,NE,Lincoln,"North River Wildlife Management Area; 48.25888N, -111.145678W","41.202, -100.9836",Striped Skunk,2020,Unknown,Adult,N,18/03/2020,2020,3,18,01/03/2020,41.202,-100.9836,34,1274635.035,915.05,403.6838989,4.149499893,NA,NA,NA,NA,808767.4118,NA
246,NE,Lincoln,"South Beverage Road, Sutherland; 41.13026, -101.21346","41.13026, -101.21346",Raccoon,2021,Male,Adult,Y,29/09/2021,2021,9,29,01/09/2021,41.13026,-101.21346,34,193591.7918,913.15,699.2990112,8.614299774,21,developed,"Developed, Open Space",#DDC9C9,1343.361529,15
247,PA,Susquehanna,Clifford Township,"41.67732391189772, -75.55591685054263",Raccoon,2019,Female,Adult,Y,11/04/2019,2019,4,11,01/04/2019,41.67732391,-75.55591685,78,151178.4952,397.97,1349.062012,7.362199783,43,forest,Mixed Forest,#B5C98E,1125.731655,0
248,PA,Clarion,Unknown,"41.20788225246037, -79.38600041149927",Raccoon,2019,Male,Adult,Y,17/09/2019,2019,9,17,01/09/2019,41.20788225,-79.38600041,28,120214.8777,444.61,1440.68396,9.072699547,22,developed,"Developed, Low Intensity",#D89382,1157.351213,34
249,PA,Luzerne,"41.267086, -75.878970","41.267086, -75.878970",Gray Fox,2019,Unknown,Adult,N,08/10/2019,2019,10,8,01/10/2019,41.267086,-75.87897,78,105362.3747,168.95,1235.382935,11.18900013,23,developed,"Developed, Medium Intensity",#ED0000,607.8445118,57
250,PA,Erie,"42.02098, -80.34751","42.02098, -80.34751",Raccoon,2019,Female,Adult,Y,13/12/2019,2019,12,13,01/12/2019,42.02098,-80.34751,21,120214.8777,213.99,1119.970825,10.33430004,22,developed,"Developed, Low Intensity",#D89382,985.7126582,24
251,PA,Union,Mifflinburg,"40.91900460277437, -77.04744589243583",Raccoon,2021,Unknown,Adult,Y,12/01/2021,2021,1,12,01/01/2021,40.9190046,-77.04744589,14,151178.4952,172.26,1196.901978,10.40119934,23,developed,"Developed, Medium Intensity",#ED0000,1227.748902,74
252,PA,Centre,Port Matilda,"40.799952565799074, -78.05183370337924",Raccoon,2021,Unknown,Juvenile,N,08/06/2021,2021,6,8,01/06/2021,40.79995257,-78.0518337,21,119863.293,303.25,1216.836914,9.64359951,22,developed,"Developed, Low Intensity",#D89382,7359.694183,44
253,TN,Fayette,Somerville,"35.2425,-89.3494",Gray Fox,2020,Male,Juvenile,Y,27/10/2020,2020,10,27,01/10/2020,35.2425,-89.3494,142,139792.1222,120.15,1910.474976,16.39970016,23,developed,"Developed, Medium Intensity",#ED0000,2358.137601,74
254,TN,A-F: Davidson,A-F: Unknown,"36.26133852440689, -86.88756292503646",Raccoon,2021,Female,Adult,N,25/02/2021,2021,2,25,01/02/2021,36.26133852,-86.88756293,155,152604.3309,213.37,1623.579834,15.49599934,41,forest,Deciduous Forest,#68AA63,1493.504385,0
255,TN,DeKalb,Oakley Hollow Road,"36.1009,-85.9561",Gray Fox,2021,Female,Juvenile,Y,22/07/2021,2021,7,22,01/07/2021,36.1009,-85.9561,54,184013.5725,213.2,1757.111938,15.31469917,21,developed,"Developed, Open Space",#DDC9C9,8573.5657,1
256,VA,Henrico,Unknown,"37.63060441869926, -77.54369320053438",Raccoon,2019,Female,Adult,Y,29/03/2019,2019,3,29,01/03/2019,37.63060442,-77.5436932,13,0,86.91,1237.836914,14.9375,90,wetlands,Woody Wetlands,#BAD8EA,274.1170093,0
257,VA,Unknown,Henrico,"37.63060441869926, -77.54369320053438",Raccoon,2019,Unknown,Adult,Y,09/04/2019,2019,4,9,01/04/2019,37.63060442,-77.5436932,13,0,86.91,1237.836914,14.9375,90,wetlands,Woody Wetlands,#BAD8EA,274.1170093,0
258,VA,-,Hampton,"37.02791463529029, -76.35940869426976",Raccoon,2019,Female,Subadult,N,25/09/2019,2019,9,25,01/09/2019,37.02791464,-76.35940869,23,100821.8531,2.77,1284.687988,16.73670006,24,developed,"Developed, High Intensity",#AA0000,837.2097531,80
259,VA,Spotsylvania,Spotsylvania Courthouse,"38.19824867159978, -77.59021046853977",Red Fox,2019,Male,Adult,N,18/12/2019,2019,12,18,01/12/2019,38.19824867,-77.59021047,13,63469.39514,87.91,1064.401978,14.49739933,23,developed,"Developed, Medium Intensity",#ED0000,515.2374051,62
260,VA,Loudoun,Parkside Sterling,"39.04259235969741, -77.3791492851025",Red Fox,2020,Female,Juvenile,N,12/06/2020,2020,6,12,01/06/2020,39.04259236,-77.37914929,116,81080.22046,95.35,1300.625977,13.69849968,22,developed,"Developed, Low Intensity",#D89382,393.868449,47
261,VA,James City,Kingsmill Resort,"37.22510326480024, -76.6670210135636",Red Fox,2020,Female,Adult,N,01/09/2020,2020,9,1,01/09/2020,37.22510326,-76.66702101,13,88513.60034,20.96,1195.528931,16.55889893,23,developed,"Developed, Medium Intensity",#ED0000,238.3272484,61
262,WV,Roane,Cork Fork,"38.735195532881775, -81.35068930507545",Red Fox,2019,Unknown,Unknown,N,08/01/2019,2019,1,8,01/01/2019,38.73519553,-81.35068931,95,159417.2592,311.23,1143.98584,12.40269947,41,forest,Deciduous Forest,#68AA63,1435.660664,0
263,WV,Gilmer,Unknown,"38.936801452686865, -80.87800543426017",Red Fox,2019,Female,Adult,N,14/03/2019,2019,3,14,01/03/2019,38.93680145,-80.87800543,95,116677.8758,334.78,1151.100952,12.57179928,41,forest,Deciduous Forest,#68AA63,1087.519424,0
264,WV,Raleigh,"North Pike Street, Beckley","37.77621659949144, -81.19863835957673",Raccoon,2019,Male,Adult,N,04/04/2019,2019,4,4,01/04/2019,37.7762166,-81.19863836,96,170257.9991,735.89,1186.820923,11.45709991,22,developed,"Developed, Low Intensity",#D89382,504.5140558,46
265,WV,Grant,Mount Storm,"39.27731668675043, -79.24071662671751",Raccoon,2019,Female,Juvenile,N,31/05/2019,2019,5,31,01/05/2019,39.27731669,-79.24071663,96,70523.59549,866.79,1184.602905,9.356399536,22,developed,"Developed, Low Intensity",#D89382,2079.714223,45
266,WV,Grant,Mount Storm,"39.27731668675043, -79.24071662671751",Raccoon,2019,Female,Juvenile,N,31/05/2019,2019,5,31,01/05/2019,39.27731669,-79.24071663,96,70523.59549,866.79,1184.602905,9.356399536,22,developed,"Developed, Low Intensity",#D89382,2079.714223,45
267,WV,Randolph,Mingo,"38.49858992650091, -80.05410568239382",Raccoon,2019,Male,Juvenile,N,12/09/2019,2019,9,12,01/09/2019,38.49858993,-80.05410568,95,66360.79307,806.6,1340.956909,9.698299408,21,developed,"Developed, Open Space",#DDC9C9,10755.69473,5
268,WV,"A, B: Randolph","A: Harman; 38.9223N, -79.5251W","38.9223, -79.5251",Raccoon,2021,Male,Adult,Y,17/03/2021,2021,3,17,01/03/2021,38.9223,-79.5251,96,29881.95888,719.31,1479.380005,9.348599434,24,developed,"Developed, High Intensity",#AA0000,5566.06107,80
269,WV,"A, B: Randolph","B: Arnold Hill Road, Elkins: 38.876052, -79.865307","38.876052, -79.865307",Raccoon,2021,Male,Adult,Y,17/03/2021,2021,3,17,01/03/2021,38.876052,-79.865307,95,29881.95888,603.8,1290.015869,11.70079994,81,planted,Pasture/Hay,#DBD83D,7011.965489,0
270,WV,Berkeley,UTM18 4372921N 247497E,"39.287896, -77.566871",Raccoon,2021,Female,Adult,Y,15/04/2021,2021,4,15,01/04/2021,39.287896,-77.566871,116,63684.35581,104.22,1192.864014,13.15089989,41,forest,Deciduous Forest,#68AA63,14091.28739,0
271,WV,Hardy,UTM 17 4316451N 693050E,"38.5832836,-78.4617234",Raccoon,2021,Female,Juvenile,Y,04/05/2021,2021,5,4,01/05/2021,38.5832836,-78.4617234,116,71814.80227,305.36,978.9188843,13.20099926,81,planted,Pasture/Hay,#DBD83D,43130.75773,0
272,WV,Hampshire,UTM17 4359104N 715080E,"39.2116714,-78.3013717",Raccoon,2021,Male,Adult,Y,25/05/2021,2021,5,25,01/05/2021,39.2116714,-78.3013717,107,63684.35581,232.35,1084.934937,12.48329926,81,planted,Pasture/Hay,#DBD83D,9541.055311,0
273,WV,Randolph,Schoonover Hallow Road Files Creek,"38.8356643557608, -79.85962269000021",Red Fox,2021,Male,Juvenile,N,24/09/2021,2021,9,24,01/09/2021,38.83566436,-79.85962269,95,30594.15943,602.83,1251.927002,11.62319946,81,planted,Pasture/Hay,#DBD83D,2798.549482,0
274,WV,Raleigh,"Fireco Road, Coal City; 17S 482230 4168748","37.65691050444658, -81.20092150655184",Red Fox,2022,Unknown,Adult,N,12/07/2022,2022,7,12,01/07/2022,37.6569105,-81.20092151,102,166356.303,811.87,1285.452881,11.36320019,21,developed,"Developed, Open Space",#DDC9C9,463.3501421,9
275,WV,Greenbrier,"Greenbrier Valley Airport, Maxwelton; 17S 553712 4191331","37.8559500868797, -80.40433114457403",Red Fox,2022,Unknown,Adult,N,12/07/2022,2022,7,12,01/07/2022,37.85595009,-80.40433114,95,142520.7332,695.13,1093.719971,11.54710007,24,developed,"Developed, High Intensity",#AA0000,604.6101457,99
